Feature,Importance
meta_score,0.44370085
c6_synergy_rate,0.21629964
total_cons,0.15959352
total_pulls,0.047724765
pulls_cash_value,0.043935973
c5_cnt,0.03255553
yellow_num,0.02170354
w5_cnt,0.021494295
email_coeff,0.012991864
